"","word","frequency"
"1","the",174
"2","and",129
"3","The",128
"4","a",127
"5","of",125
"6","in",68
"7","to",67
"8","for",49
"9","you",29
"10","A",28
"11","with",26
"12","guide",20
"13","from",18
"14","novel",16
"15","on",16
"16","your",16
"17","how",15
"18","me",15
"19","Volume",14
"20","about",14
"21","life",14
"22","I",13
"23","science",13
"24","world",13
"25","day",12
"26","worlds",12
"27","at",11
"28","history",11
"29","new",11
"30","1",10
"31","other",10
"32","story",10
"33","How",9
"34","Show",9
"35","are",9
"36","awesome",9
"37","advanced",8
"38","book",8
"39","can",8
"40","time",8
"41","Arab",7
"42","Batman",7
"43","Cinta",7
"44","an",7
"45","animals",7
"46","girl",7
"47","know",7
"48","like",7
"49","lost",7
"50","love",7
"51","more",7
"52","night",7
"53","secrets",7
"54","through",7
"55","Avengers",6
"56","Kamus",6
"57","Learning",6
"58","Living",6
"59","Making",6
"60","bahasa",6
"61","business",6
"62","graphic",6
"63","kids",6
"64","living",6
"65","machines",6
"66","making",6
"67","questions",6
"68","retelling",6
"69","tale",6
"70","that",6
"71","2",5
"72","Get",5
"73","Rasulullah",5
"74","Superman",5
"75","aku",5
"76","ancient",5
"77","big",5
"78","brain",5
"79","children",5
"80","cinta",5
"81","cool",5
"82","food",5
"83","games",5
"84","home",5
"85","is",5
"86","it",5
"87","little",5
"88","money",5
"89","musical",5
"90","people",5
"91","untuk",5
"92","up",5
"93","ways",5
"94","what",5
"95","years",5
"96","America",4
"97","Digging",4
"98","Endangered",4
"99","Geography",4
"100","If",4
"101","Islam",4
"102","Kitty",4
"103","Little",4
"104","Max",4
"105","My",4
"106","Super",4
"107","Violin",4
"108","Vol",4
"109","activities",4
"110","after",4
"111","all",4
"112","analytics",4
"113","animal",4
"114","art",4
"115","bride",4
"116","changed",4
"117","city",4
"118","dance",4
"119","data",4
"120","di",4
"121","digital",4
"122","every",4
"123","field",4
"124","first",4
"125","friends",4
"126","good",4
"127","great",4
"128","has",4
"129","jobs",4
"130","kisah",4
"131","matters",4
"132","memory",4
"133","mind",4
"134","natural",4
"135","not",4
"136","one",4
"137","or",4
"138","out",4
"139","photographs",4
"140","practical",4
"141","school",4
"142","son",4
"143","space",4
"144","summer",4
"145","trip",4
"146","war",4
"147","yoga",4
"148","3",3
"149","Android",3
"150","Axiom",3
"151","Bad",3
"152","Complete",3
"153","Extraordinary",3
"154","Italian",3
"155","Jack",3
"156","Lost",3
"157","Mr",3
"158","New",3
"159","On",3
"160","Paris",3
"161","Pirate",3
"162","Singapore",3
"163","Trails",3
"164","Ultimate",3
"165","Unusual",3
"166","Wild",3
"167","age",3
"168","answers",3
"169","be",3
"170","best",3
"171","black",3
"172","build",3
"173","concertos",3
"174","creative",3
"175","dalam",3
"176","dan",3
"177","development",3
"178","does",3
"179","events",3
"180","everything",3
"181","fire",3
"182","green",3
"183","handbook",3
"184","heroes",3
"185","investigating",3
"186","journey",3
"187","ke",3
"188","lie",3
"189","made",3
"190","manage",3
"191","management",3
"192","memoir",3
"193","most",3
"194","my",3
"195","next",3
"196","no",3
"197","now",3
"198","ocean",3
"199","octopus",3
"200","online",3
"201","our",3
"202","own",3
"203","place",3
"204","poems",3
"205","power",3
"206","projects",3
"207","puisi",3
"208","rain",3
"209","revolution",3
"210","s",3
"211","simple",3
"212","skills",3
"213","sky",3
"214","some",3
"215","start",3
"216","strength",3
"217","their",3
"218","theory",3
"219","things",3
"220","tidak",3
"221","too",3
"222","true",3
"223","two",3
"224","universe",3
"225","use",3
"226","vehicles",3
"227","w",3
"228","we",3
"229","yang",3
"230","year",3
"231","101",2
"232","12",2
"233","125",2
"234","25",2
"235","30",2
"236","4",2
"237","5",2
"238","50",2
"239","5The",2
"240","AlQuran",2
"241","American",2
"242","An",2
"243","AngularJS",2
"244","Astronomy",2
"245","BWV",2
"246","Ballet",2
"247","Beautiful",2
"248","Bejart",2
"249","Big",2
"250","Blood",2
"251","Book",2
"252","British",2
"253","Bukan",2
"254","Canada",2
"255","Chinese",2
"256","Christianity",2
"257","Could",2
"258","Dark",2
"259","Doctor",2
"260","Earth",2
"261","Education",2
"262","Empire",2
"263","Far",2
"264","Finding",2
"265","God",2
"266","Grave",2
"267","Hercules",2
"268","Hold",2
"269","IT",2
"270","In",2
"271","Indonesia",2
"272","Jane",2
"273","Justice",2
"274","Kaedah",2
"275","La",2
"276","Lane",2
"277","Last",2
"278","League",2
"279","Learn",2
"280","Lee",2
"281","London",2
"282","Looking",2
"283","Make",2
"284","Marvel",2
"285","Mediterranean",2
"286","Mencari",2
"287","Microsoft",2
"288","Murder",2
"289","Natural",2
"290","No",2
"291","Not",2
"292","Nota",2
"293","Off",2
"294","Outrageous",2
"295","Pet",2
"296","R",2
"297","Rahsia",2
"298","Rasul",2
"299","Rocket",2
"300","Rose",2
"301","Secrets",2
"302","Taming",2
"303","Texas",2
"304","Turkey",2
"305","Ultron",2
"306","Understanding",2
"307","We",2
"308","What",2
"309","Woman",2
"310","X",2
"311","adventures",2
"312","air",2
"313","am",2
"314","application",2
"315","astronomy",2
"316","bad",2
"317","bear",2
"318","beasts",2
"319","beside",2
"320","blue",2
"321","boy",2
"322","breath",2
"323","brief",2
"324","building",2
"325","bulan",2
"326","burn",2
"327","by",2
"328","care",2
"329","cat",2
"330","childrens",2
"331","class",2
"332","close",2
"333","collection",2
"334","concerto",2
"335","cong",2
"336","conversations",2
"337","cookbook",2
"338","core",2
"339","cosmos",2
"340","cream",2
"341","create",2
"342","crisis",2
"343","culture",2
"344","cute",2
"345","daily",2
"346","daripada",2
"347","dark",2
"348","daughter",2
"349","death",2
"350","dictionary",2
"351","did",2
"352","diet",2
"353","disasters",2
"354","do",2
"355","dog",2
"356","dont",2
"357","drama",2
"358","dream",2
"359","end",2
"360","enterprise",2
"361","epic",2
"362","escape",2
"363","eternal",2
"364","ethics",2
"365","everyone",2
"366","exploration",2
"367","extraordinary",2
"368","eyes",2
"369","fall",2
"370","farm",2
"371","fascinating",2
"372","fashion",2
"373","feast",2
"374","find",2
"375","five",2
"376","forces",2
"377","forest",2
"378","forests",2
"379","free",2
"380","friend",2
"381","friendship",2
"382","fun",2
"383","garden",2
"384","get",2
"385","haiku",2
"386","half",2
"387","happier",2
"388","he",2
"389","high",2
"390","homes",2
"391","hospital",2
"392","hot",2
"393","human",2
"394","ideas",2
"395","illustrations",2
"396","inside",2
"397","intelligence",2
"398","inventions",2
"399","investing",2
"400","jatuh",2
"401","journeys",2
"402","kiss",2
"403","kitty",2
"404","kumpulan",2
"405","lady",2
"406","lagi",2
"407","leading",2
"408","lengkap",2
"409","lies",2
"410","lines",2
"411","looking",2
"412","lose",2
"413","lovers",2
"414","makes",2
"415","man",2
"416","managers",2
"417","match",2
"418","mathematics",2
"419","media",2
"420","medicine",2
"421","mine",2
"422","minutes",2
"423","mobile",2
"424","models",2
"425","modern",2
"426","monsters",2
"427","numbers",2
"428","off",2
"429","origins",2
"430","page",2
"431","para",2
"432","parenting",2
"433","pengantin",2
"434","perfect",2
"435","piano",2
"436","pig",2
"437","planet",2
"438","powerful",2
"439","practice",2
"440","present",2
"441","princess",2
"442","pro",2
"443","processes",2
"444","professionals",2
"445","program",2
"446","programming",2
"447","queens",2
"448","quest",2
"449","readers",2
"450","recipes",2
"451","renegades",2
"452","rising",2
"453","rivalries",2
"454","rivers",2
"455","road",2
"456","romance",2
"457","schools",2
"458","scientists",2
"459","sea",2
"460","secret",2
"461","security",2
"462","seduction",2
"463","see",2
"464","services",2
"465","sheet",2
"466","ships",2
"467","six",2
"468","sleep",2
"469","so",2
"470","sonatas",2
"471","soul",2
"472","sports",2
"473","steps",2
"474","stop",2
"475","stories",2
"476","strange",2
"477","strangest",2
"478","success",2
"479","tell",2
"480","terror",2
"481","texts",2
"482","thriller",2
"483","ties",2
"484","tools",2
"485","train",2
"486","trap",2
"487","us",2
"488","using",2
"489","way",2
"490","weight",2
"491","white",2
"492","who",2
"493","why",2
"494","wild",2
"495","will",2
"496","work",2
"497","youre",2
"498","zero",2
"499","10",1
"500","100",1
"501","118",1
"502","12step",1
"503","1316",1
"504","16",1
"505","1918",1
"506","19602010",1
"507","19702015",1
"508","1Revolutions",1
"509","1Thereby",1
"510","20",1
"511","2013",1
"512","2016",1
"513","20s",1
"514","21",1
"515","225230",1
"516","24",1
"517","28",1
"518","2I",1
"519","2Stay",1
"520","30s",1
"521","30second",1
"522","35",1
"523","4The",1
"524","52",1
"525","55",1
"526","5Axis",1
"527","5Under",1
"528","66",1
"529","8",1
"530","999",1
"531","ABC",1
"532","Act",1
"533","Acupuncture",1
"534","Admission",1
"535","Advanced",1
"536","Adventures",1
"537","After",1
"538","Aftershock",1
"539","Age",1
"540","Agent",1
"541","Agile",1
"542","Aku",1
"543","Al",1
"544","Alam",1
"545","Alchemys",1
"546","Aligning",1
"547","Allah",1
"548","Allosaurus",1
"549","Alpha",1
"550","Always",1
"551","Ame",1
"552","Americaand",1
"553","Americas",1
"554","Amherst",1
"555","Amos",1
"556","Ana",1
"557","Anak",1
"558","Anatolia",1
"559","Angel",1
"560","Angeles",1
"561","Animals",1
"562","Antigua",1
"563","Antoinette",1
"564","Antonio",1
"565","Anxiety",1
"566","Apache",1
"567","Apakah",1
"568","Apart",1
"569","Apatosaurus",1
"570","Appreciating",1
"571","ArabIndonesia",1
"572","Arabic",1
"573","Arctic",1
"574","Are",1
"575","Argonauts",1
"576","Arkham",1
"577","Arm",1
"578","Armor",1
"579","Around",1
"580","Arrivals",1
"581","Asgard",1
"582","Ash",1
"583","Asmaul",1
"584","Astronauts",1
"585","Atomic",1
"586","Atuk",1
"587","Auschwitz",1
"588","Automate",1
"589","Avalon",1
"590","Avenue",1
"591","Average",1
"592","Azure",1
"593","B",1
"594","Baby",1
"595","Bagels",1
"596","Ballades",1
"597","Bamboo",1
"598","Beach",1
"599","BeagleBone",1
"600","Bears",1
"601","Beating",1
"602","Bedah",1
"603","Beginning",1
"604","Belajar",1
"605","Benefit",1
"606","Berenstain",1
"607","Best",1
"608","Besties",1
"609","Betting",1
"610","Billy",1
"611","Birdman",1
"612","Birle",1
"613","Bitty",1
"614","Blanc",1
"615","Bloodsuckers",1
"616","Bly",1
"617","Bo",1
"618","Bohemians",1
"619","Bomb",1
"620","Bomber",1
"621","Bonefire",1
"622","Boone",1
"623","Born",1
"624","Boston",1
"625","Bovary",1
"626","Bram",1
"627","Breakout",1
"628","Breathing",1
"629","Bride",1
"630","Britains",1
"631","Broadway",1
"632","Broen",1
"633","Buahbuahan",1
"634","Buat",1
"635","Buffett",1
"636","Bullying",1
"637","Burma",1
"638","Busted",1
"639","Butterflies",1
"640","Butterfly",1
"641","By",1
"642","Byrons",1
"643","CIA",1
"644","CISSP",1
"645","CRSP",1
"646","CSS3",1
"647","Caged",1
"648","California",1
"649","Calm",1
"650","Calmer",1
"651","Calvin",1
"652","Can",1
"653","Capres",1
"654","Captain",1
"655","Carcass",1
"656","Caring",1
"657","Carluccios",1
"658","Carlyles",1
"659","Carnivores",1
"660","Carole",1
"661","Carta",1
"662","Cast",1
"663","Cats",1
"664","Celestino",1
"665","Challenger",1
"666","Charming",1
"667","Chicagoland",1
"668","Chilli",1
"669","Chimpanzees",1
"670","China",1
"671","Chinatown",1
"672","Church",1
"673","Churchill",1
"674","Cinnamon",1
"675","Circus",1
"676","City",1
"677","Cleopatra",1
"678","Clothes",1
"679","Cloud",1
"680","Club",1
"681","Cobbled",1
"682","Cockaigne",1
"683","Color",1
"684","Comics",1
"685","Compass",1
"686","Competing",1
"687","Connected",1
"688","Conscious",1
"689","Construction",1
"690","Conviction",1
"691","Cool",1
"692","Coons",1
"693","Counterfeit",1
"694","Court",1
"695","Creativity",1
"696","Cromwell",1
"697","DIY",1
"698","DK",1
"699","DMAIC",1
"700","Dahls",1
"701","Dalai",1
"702","Dalam",1
"703","Damian",1
"704","Dari",1
"705","Darkness",1
"706","Dash",1
"707","Day",1
"708","De",1
"709","DeGrasse",1
"710","Death",1
"711","Deaths",1
"712","Decorum",1
"713","Dendam",1
"714","Descendants",1
"715","Develop",1
"716","Devising",1
"717","Dia",1
"718","Dialogic",1
"719","Dieters",1
"720","Dietland",1
"721","Discovery",1
"722","Disney",1
"723","Dobi",1
"724","Dodos",1
"725","Dog",1
"726","Dollar",1
"727","Domesticated",1
"728","Doover",1
"729","Duda",1
"730","Dullards",1
"731","Dumpty",1
"732","E",1
"733","Early",1
"734","Earn",1
"735","East",1
"736","Eat",1
"737","Economic",1
"738","Economics",1
"739","Edible",1
"740","Effective",1
"741","Egypt",1
"742","Eighth",1
"743","Electrifying",1
"744","Elena",1
"745","Elephants",1
"746","Emancipated",1
"747","Emergency",1
"748","Emmaus",1
"749","Emperor",1
"750","Encik",1
"751","EnglishIndonesian",1
"752","Enrico",1
"753","Enterprise",1
"754","Entertainment",1
"755","Episod",1
"756","Epul",1
"757","Essential",1
"758","Ever",1
"759","Every",1
"760","Everyones",1
"761","Experiments",1
"762","Explore",1
"763","Explored",1
"764","Eye",1
"765","Famous",1
"766","Fantasy",1
"767","Farm",1
"768","Featured",1
"769","Field",1
"770","Fierce",1
"771","Fiesta",1
"772","Fife",1
"773","Fight",1
"774","Finger",1
"775","Firebrand",1
"776","First",1
"777","Fit",1
"778","Fitzgerald",1
"779","Fix",1
"780","Florida",1
"781","Fly",1
"782","Fog",1
"783","Following",1
"784","Food",1
"785","For",1
"786","Forged",1
"787","Forgotten",1
"788","French",1
"789","Frenchman",1
"790","Frequently",1
"791","From",1
"792","Full",1
"793","Fury",1
"794","Fussy",1
"795","Galaxy",1
"796","Gardening",1
"797","Gardens",1
"798","Generation",1
"799","Genesis",1
"800","Getting",1
"801","Gift",1
"802","Gila",1
"803","Ginger",1
"804","Giraffes",1
"805","Girl",1
"806","Golden",1
"807","Gordon",1
"808","Graceful",1
"809","Grand",1
"810","Greece",1
"811","Ground",1
"812","Gwyn",1
"813","H",1
"814","HIIT",1
"815","HTML5",1
"816","Hadoop",1
"817","Hairy",1
"818","Hanya",1
"819","Hard",1
"820","Harry",1
"821","Hells",1
"822","Help",1
"823","Henri",1
"824","Henry",1
"825","Hens",1
"826","Henson",1
"827","Herbivores",1
"828","Heritage",1
"829","Herrera",1
"830","High",1
"831","Higher",1
"832","Hitler",1
"833","Hobbes",1
"834","Holes",1
"835","Hollow",1
"836","Home",1
"837","Honey",1
"838","Hong",1
"839","Hot",1
"840","House",1
"841","Hugo",1
"842","Humpty",1
"843","Hunters",1
"844","Husna",1
"845","Hysteria",1
"846","II",1
"847","Ibnu",1
"848","Ice",1
"849","Ignorance",1
"850","Iguanodon",1
"851","Illusionarium",1
"852","Ilmu",1
"853","Immaculate",1
"854","Improbable",1
"855","Inca",1
"856","IndonesiaArab",1
"857","IndonesianEnglish",1
"858","Inggeris",1
"859","Inhumanity",1
"860","Inspirasi",1
"861","Institute",1
"862","Intermediate",1
"863","Investors",1
"864","Isle",1
"865","Itty",1
"866","JSP",1
"867","Jacques",1
"868","Jangan",1
"869","Japanese",1
"870","Jason",1
"871","Java",1
"872","Javascript",1
"873","Jerry",1
"874","Jesus",1
"875","Jill",1
"876","Jim",1
"877","Jingle",1
"878","Joes",1
"879","John",1
"880","Jom",1
"881","Juhl",1
"882","Jump",1
"883","Junit",1
"884","Just",1
"885","Jutawan",1
"886","Kaabah",1
"887","Kahuna",1
"888","Kasut",1
"889","Kata",1
"890","Kate",1
"891","Kau",1
"892","Kembali",1
"893","Kerana",1
"894","Kilts",1
"895","Kim",1
"896","King",1
"897","Kingdom",1
"898","Kinky",1
"899","Kirov",1
"900","Kissing",1
"901","Kit",1
"902","Kitts",1
"903","Knock",1
"904","Knud",1
"905","Koleksi",1
"906","Kryptonian",1
"907","Kuan",1
"908","Kummersdorf",1
"909","Kumpulan",1
"910","Kupikat",1
"911","Lady",1
"912","Lama",1
"913","Law",1
"914","Leadership",1
"915","Legion",1
"916","Lesser",1
"917","Liars",1
"918","Lim",1
"919","Lion",1
"920","Lions",1
"921","Logan",1
"922","Logo",1
"923","Lois",1
"924","Loki",1
"925","Lola",1
"926","Long",1
"927","Los",1
"928","Lots",1
"929","Love",1
"930","Lunch",1
"931","MEAN",1
"932","MTV",1
"933","MVC",1
"934","Madame",1
"935","Made",1
"936","Madriani",1
"937","Magna",1
"938","Maine",1
"939","Maker",1
"940","Makery",1
"941","Makkah",1
"942","Makrifah",1
"943","Malam",1
"944","Malaya",1
"945","Malaysia",1
"946","Mana",1
"947","Manor",1
"948","Marble",1
"949","Margot",1
"950","Marie",1
"951","Marvels",1
"952","Mastering",1
"953","Mater",1
"954","Materially",1
"955","Matilda",1
"956","Matisse",1
"957","Mawar",1
"958","May",1
"959","Maykit",1
"960","Meerkats",1
"961","Meet",1
"962","Megalosaurus",1
"963","Melayu",1
"964","Menelusuri",1
"965","Mengejar",1
"966","Meniti",1
"967","Menunggumu",1
"968","MerriamWebster",1
"969","Middle",1
"970","Midnights",1
"971","Military",1
"972","Milky",1
"973","Million",1
"974","Mimpi",1
"975","Minecraft",1
"976","Mingle",1
"977","Minotaur",1
"978","Misi",1
"979","Miss",1
"980","Misteri",1
"981","Mistress",1
"982","Montserrat",1
"983","Motivasi",1
"984","Ms",1
"985","Mud",1
"986","Muffet",1
"987","Mukjizat",1
"988","Murachs",1
"989","Musical",1
"990","MySQL",1
"991","Myanmar",1
"992","Mystery",1
"993","NET",1
"994","NLB",1
"995","Nabi",1
"996","Naga",1
"997","Nanban",1
"998","Nautical",1
"999","Neil",1
"1000","Nellie",1
"1001","Newport",1
"1002","Nights",1
"1003","Nini",1
"1004","Node",1
"1005","Nose",1
"1006","Nyanyian",1
"1007","OFear",1
"1008","Ocean",1
"1009","Odysseus",1
"1010","Office",1
"1011","Omnivores",1
"1012","Once",1
"1013","Oozie",1
"1014","Origami",1
"1015","Ospreys",1
"1016","Ottolenghis",1
"1017","Our",1
"1018","Out",1
"1019","Outcaste",1
"1020","Owls",1
"1021","Pacific",1
"1022","Paloma",1
"1023","Panduan",1
"1024","Pangkal",1
"1025","Paolo",1
"1026","Parkers",1
"1027","Parks",1
"1028","Partite",1
"1029","Paul",1
"1030","Pedersen",1
"1031","Peep",1
"1032","Pembelajaran",1
"1033","Pencetus",1
"1034","Penyakit",1
"1035","Percival",1
"1036","Peregrine",1
"1037","Perfect",1
"1038","Performance",1
"1039","Perseus",1
"1040","Persia",1
"1041","Petra",1
"1042","PhD",1
"1043","Pharaoh",1
"1044","Philby",1
"1045","Phishing",1
"1046","Phoenix",1
"1047","Photo",1
"1048","Piano",1
"1049","Piattis",1
"1050","Pig",1
"1051","Pilot",1
"1052","Pinocchio",1
"1053","Pirates",1
"1054","Place",1
"1055","Plisetskaya",1
"1056","Pluto",1
"1057","Pocoyo",1
"1058","Points",1
"1059","Poligami",1
"1060","Poop",1
"1061","Poskad",1
"1062","Possessions",1
"1063","Power",1
"1064","PowerShell",1
"1065","Pragmatic",1
"1066","Praying",1
"1067","Priggs",1
"1068","Princess",1
"1069","Pro",1
"1070","Professional",1
"1071","Providing",1
"1072","Pryce",1
"1073","Puffins",1
"1074","Puisi",1
"1075","Punch",1
"1076","Purposeful",1
"1077","Python",1
"1078","QE",1
"1079","Quilts",1
"1080","Quinto",1
"1081","RDF",1
"1082","Rabbits",1
"1083","Raccoons",1
"1084","Radiant",1
"1085","Rage",1
"1086","Rappy",1
"1087","Raptor",1
"1088","Rawatan",1
"1089","Raymond",1
"1090","Re",1
"1091","Reads",1
"1092","Rebels",1
"1093","Red",1
"1094","Redstone",1
"1095","Redtailed",1
"1096","Republik",1
"1097","Revenge",1
"1098","Revolution",1
"1099","Rhythm",1
"1100","Roald",1
"1101","Robert",1
"1102","Robin",1
"1103","Rolex",1
"1104","Romantics",1
"1105","Rombongan",1
"1106","Rome",1
"1107","RosenkranzSonaten",1
"1108","Rou",1
"1109","Roundtable",1
"1110","Ruby",1
"1111","Runnymede",1
"1112","Russian",1
"1113","SPARQL",1
"1114","Saat",1
"1115","Saint",1
"1116","Sams",1
"1117","Santo",1
"1118","Sarahs",1
"1119","Sargent",1
"1120","Savage",1
"1121","Scarlet",1
"1122","School",1
"1123","Season",1
"1124","Second",1
"1125","Secret",1
"1126","Security",1
"1127","Seine",1
"1128","Sensation",1
"1129","Seoul",1
"1130","Sepolcro",1
"1131","Septimus",1
"1132","Serangoon",1
"1133","Servlet",1
"1134","Seveneves",1
"1135","Shadowman",1
"1136","Shallot",1
"1137","Siang",1
"1138","Sicily",1
"1139","Sideswipe",1
"1140","Sigma",1
"1141","Sina",1
"1142","Sinfonia",1
"1143","Singer",1
"1144","Siroe",1
"1145","Six",1
"1146","Sixfigure",1
"1147","Sixteenth",1
"1148","Sleep",1
"1149","Slither",1
"1150","Smart",1
"1151","Snail",1
"1152","So",1
"1153","Social",1
"1154","Spark",1
"1155","Speak",1
"1156","Spine",1
"1157","Spring",1
"1158","Squirrels",1
"1159","SsB",1
"1160","St",1
"1161","Stabat",1
"1162","Start",1
"1163","Startup",1
"1164","Stepdog",1
"1165","Stilton",1
"1166","Strawberi",1
"1167","Street",1
"1168","Strong",1
"1169","Studio",1
"1170","Stuff",1
"1171","Success",1
"1172","Summers",1
"1173","Sunnah",1
"1174","Superposition",1
"1175","Swedia",1
"1176","SwediaIndonesia",1
"1177","Swedish",1
"1178","Swept",1
"1179","Swift",1
"1180","Symphony",1
"1181","Syria",1
"1182","TSQL",1
"1183","Taharah",1
"1184","Tail",1
"1185","Takdir",1
"1186","Tangisan",1
"1187","Telescope",1
"1188","Tenth",1
"1189","Testing",1
"1190","Thackrays",1
"1191","Thats",1
"1192","Thea",1
"1193","Theatre",1
"1194","Theodore",1
"1195","Theseus",1
"1196","This",1
"1197","Thomas",1
"1198","Thorncliff",1
"1199","Thornlost",1
"1200","Thunderhoof",1
"1201","Tiananmen",1
"1202","Tick",1
"1203","Time",1
"1204","Tinarell",1
"1205","Tingler",1
"1206","Tiny",1
"1207","Titanic",1
"1208","Tolong",1
"1209","Tome",1
"1210","Touch",1
"1211","Trojan",1
"1212","Turin",1
"1213","Twentyfive",1
"1214","Twice",1
"1215","Tyson",1
"1216","UFO",1
"1217","Unbroken",1
"1218","Uncanny",1
"1219","Unchained",1
"1220","Unexpected",1
"1221","Unit",1
"1222","United",1
"1223","Until",1
"1224","Urban",1
"1225","V",1
"1226","VIII",1
"1227","Vampires",1
"1228","Velvet",1
"1229","Video",1
"1230","Villainous",1
"1231","Virtually",1
"1232","Virtue",1
"1233","WWII",1
"1234","Wafi",1
"1235","Walden",1
"1236","Walking",1
"1237","War",1
"1238","Wardok",1
"1239","Washington",1
"1240","Way",1
"1241","Wealthy",1
"1242","Welcome",1
"1243","Wet",1
"1244","When",1
"1245","Who",1
"1246","Why",1
"1247","Willy",1
"1248","Windows",1
"1249","Winter",1
"1250","Wish",1
"1251","Witch",1
"1252","Wolf",1
"1253","Wolverine",1
"1254","Wonder",1
"1255","Work",1
"1256","Working",1
"1257","Wrath",1
"1258","XMen",1
"1259","Xray",1
"1260","Ya",1
"1261","Yellow",1
"1262","Yellowrock",1
"1263","Yes",1
"1264","Yew",1
"1265","Yonder",1
"1266","Yuki",1
"1267","Z",1
"1268","Zak",1
"1269","Zebras",1
"1270","Zen",1
"1271","Zombie",1
"1272","abilities",1
"1273","aborigines",1
"1274","access",1
"1275","activate",1
"1276","ads",1
"1277","adventure",1
"1278","advertising",1
"1279","agamaku",1
"1280","ageing",1
"1281","ahead",1
"1282","airport",1
"1283","ajal",1
"1284","akuakultur",1
"1285","alchemy",1
"1286","alley",1
"1287","alone",1
"1288","alot",1
"1289","altruism",1
"1290","amnesia",1
"1291","anakku",1
"1292","angel",1
"1293","angels",1
"1294","angin",1
"1295","any",1
"1296","anything",1
"1297","anywhere",1
"1298","approaches",1
"1299","apps",1
"1300","archives",1
"1301","armies",1
"1302","around",1
"1303","as",1
"1304","asked",1
"1305","aspects",1
"1306","assembler",1
"1307","assignments",1
"1308","atasi",1
"1309","athletes",1
"1310","atlas",1
"1311","atmosphere",1
"1312","attraction",1
"1313","avoidance",1
"1314","awal",1
"1315","away",1
"1316","awk",1
"1317","axles",1
"1318","baby",1
"1319","babysitter",1
"1320","bagku",1
"1321","bake",1
"1322","balance",1
"1323","ballet",1
"1324","balms",1
"1325","band",1
"1326","bang",1
"1327","based",1
"1328","bases",1
"1329","baths",1
"1330","battle",1
"1331","battles",1
"1332","beauty",1
"1333","because",1
"1334","before",1
"1335","beginners",1
"1336","beginning",1
"1337","belajar",1
"1338","believing",1
"1339","belts",1
"1340","bench",1
"1341","berakhir",1
"1342","berbisik",1
"1343","beriman",1
"1344","bermelodi",1
"1345","bersuci",1
"1346","bertuhan",1
"1347","bertujuh",1
"1348","betrayal",1
"1349","better",1
"1350","between",1
"1351","beyond",1
"1352","bidaan",1
"1353","bidadari",1
"1354","bigger",1
"1355","bike",1
"1356","binatang",1
"1357","binge",1
"1358","bird",1
"1359","bisikan",1
"1360","blaze",1
"1361","blessing",1
"1362","blondes",1
"1363","blooded",1
"1364","boleh",1
"1365","books",1
"1366","boom",1
"1367","boots",1
"1368","boring",1
"1369","born",1
"1370","bosses",1
"1371","bots",1
"1372","box",1
"1373","boys",1
"1374","brachiosaurus",1
"1375","brands",1
"1376","brave",1
"1377","breadwinner",1
"1378","breaking",1
"1379","breaks",1
"1380","bridge",1
"1381","brightest",1
"1382","bring",1
"1383","broadcast",1
"1384","brother",1
"1385","brownies",1
"1386","buah",1
"1387","buahbuahan",1
"1388","budget",1
"1389","buildings",1
"1390","builds",1
"1391","bukan",1
"1392","bullying",1
"1393","buzz",1
"1394","cage",1
"1395","calamity",1
"1396","calling",1
"1397","calls",1
"1398","calo",1
"1399","candy",1
"1400","cannot",1
"1401","capital",1
"1402","captured",1
"1403","car",1
"1404","cara",1
"1405","career",1
"1406","cases",1
"1407","castle",1
"1408","celebrity",1
"1409","cello",1
"1410","cemerlang",1
"1411","century",1
"1412","cerita",1
"1413","ceritalah",1
"1414","certification",1
"1415","challenged",1
"1416","challenges",1
"1417","challenging",1
"1418","chamber",1
"1419","chameleons",1
"1420","champions",1
"1421","change",1
"1422","changing",1
"1423","chaos",1
"1424","charms",1
"1425","cherry",1
"1426","chewers",1
"1427","chic",1
"1428","chicken",1
"1429","child",1
"1430","choices",1
"1431","choreographer",1
"1432","chronicles",1
"1433","cinderella",1
"1434","classic",1
"1435","cleansers",1
"1436","clever",1
"1437","climb",1
"1438","coat",1
"1439","cognitive",1
"1440","cold",1
"1441","collaboration",1
"1442","collected",1
"1443","colonial",1
"1444","colorful",1
"1445","come",1
"1446","comics",1
"1447","commedia",1
"1448","commerce",1
"1449","communication",1
"1450","compass",1
"1451","compassion",1
"1452","competing",1
"1453","concepts",1
"1454","concertante",1
"1455","conditions",1
"1456","condors",1
"1457","confidence",1
"1458","conquer",1
"1459","consciousness",1
"1460","conspiracy",1
"1461","construction",1
"1462","consultative",1
"1463","consumerist",1
"1464","contemporary",1
"1465","contraptions",1
"1466","convicted",1
"1467","cooperation",1
"1468","coordinator",1
"1469","cope",1
"1470","copy",1
"1471","corporate",1
"1472","corporations",1
"1473","cost",1
"1474","counting",1
"1475","country",1
"1476","courage",1
"1477","courses",1
"1478","coworkers",1
"1479","crab",1
"1480","crabs",1
"1481","crafted",1
"1482","crash",1
"1483","craziest",1
"1484","creams",1
"1485","creation",1
"1486","creatures",1
"1487","crew",1
"1488","critical",1
"1489","critters",1
"1490","crowd",1
"1491","cryptologist",1
"1492","cu",1
"1493","cultures",1
"1494","curious",1
"1495","curses",1
"1496","cutest",1
"1497","cutouts",1
"1498","cuttingedge",1
"1499","cyberbullying",1
"1500","dAmbroise",1
"1501","dads",1
"1502","daggers",1
"1503","dah",1
"1504","dalmatians",1
"1505","damaging",1
"1506","dances",1
"1507","danger",1
"1508","dangers",1
"1509","dari",1
"1510","daring",1
"1511","darkest",1
"1512","database",1
"1513","databases",1
"1514","dating",1
"1515","dead",1
"1516","deal",1
"1517","deep",1
"1518","defensive",1
"1519","defiance",1
"1520","defined",1
"1521","defying",1
"1522","demand",1
"1523","dementia",1
"1524","departure",1
"1525","descending",1
"1526","desert",1
"1527","designobsessed",1
"1528","desire",1
"1529","desires",1
"1530","destroy",1
"1531","detector",1
"1532","developer",1
"1533","developers",1
"1534","dia",1
"1535","diamond",1
"1536","diary",1
"1537","ding",1
"1538","directs",1
"1539","disciple",1
"1540","disebut",1
"1541","diver",1
"1542","doctor",1
"1543","dogs",1
"1544","dolphin",1
"1545","door",1
"1546","doubt",1
"1547","down",1
"1548","dragon",1
"1549","draw",1
"1550","dress",1
"1551","drink",1
"1552","duke",1
"1553","dummies",1
"1554","dunia",1
"1555","dying",1
"1556","dyspraxia",1
"1557","dyspraxic",1
"1558","e",1
"1559","each",1
"1560","eagles",1
"1561","earth",1
"1562","easier",1
"1563","eat",1
"1564","eaters",1
"1565","echoes",1
"1566","economics",1
"1567","economists",1
"1568","economy",1
"1569","edge",1
"1570","edible",1
"1571","education",1
"1572","educator",1
"1573","educators",1
"1574","effective",1
"1575","effectively",1
"1576","egg",1
"1577","ektoparasit",1
"1578","elegy",1
"1579","eleventh",1
"1580","emails",1
"1581","empire",1
"1582","enchanted",1
"1583","encounters",1
"1584","endangered",1
"1585","endurance",1
"1586","enemy",1
"1587","energy",1
"1588","entertainment",1
"1589","entrepreneurial",1
"1590","entrepreneurs",1
"1591","espionage",1
"1592","essence",1
"1593","essentials",1
"1594","evangelistic",1
"1595","ever",1
"1596","evertree",1
"1597","evil",1
"1598","evolution",1
"1599","exams",1
"1600","exercise",1
"1601","existed",1
"1602","experience",1
"1603","explain",1
"1604","explained",1
"1605","explorer",1
"1606","exploring",1
"1607","explosion",1
"1608","expressions",1
"1609","facebook",1
"1610","fact",1
"1611","faith",1
"1612","falcons",1
"1613","falling",1
"1614","fallout",1
"1615","familiar",1
"1616","farmer",1
"1617","farthest",1
"1618","fashionable",1
"1619","fat",1
"1620","father",1
"1621","faulty",1
"1622","favorite",1
"1623","featuring",1
"1624","fields",1
"1625","finale",1
"1626","fit",1
"1627","fitness",1
"1628","flexibility",1
"1629","flight",1
"1630","flood",1
"1631","flu",1
"1632","fly",1
"1633","followed",1
"1634","foods",1
"1635","forever",1
"1636","forged",1
"1637","fortunes",1
"1638","fossil",1
"1639","foundations",1
"1640","fowl",1
"1641","frasa",1
"1642","freelancer",1
"1643","frogs",1
"1644","fuels",1
"1645","fugitive",1
"1646","future",1
"1647","gadis",1
"1648","gaining",1
"1649","gardens",1
"1650","gasing",1
"1651","gate",1
"1652","gatherings",1
"1653","gay",1
"1654","gaya",1
"1655","gear",1
"1656","geckos",1
"1657","generasi",1
"1658","generate",1
"1659","ghost",1
"1660","giants",1
"1661","gift",1
"1662","gilded",1
"1663","give",1
"1664","glamor",1
"1665","glamour",1
"1666","glass",1
"1667","global",1
"1668","glorious",1
"1669","going",1
"1670","golden",1
"1671","goodness",1
"1672","goods",1
"1673","gorilla",1
"1674","gou",1
"1675","grade",1
"1676","grammar",1
"1677","gran",1
"1678","grand",1
"1679","granted",1
"1680","grave",1
"1681","graves",1
"1682","greatest",1
"1683","greedy",1
"1684","groom",1
"1685","guerillas",1
"1686","guest",1
"1687","gui",1
"1688","guided",1
"1689","guinea",1
"1690","hackers",1
"1691","handful",1
"1692","hangs",1
"1693","hanya",1
"1694","harianmu",1
"1695","harvest",1
"1696","hat",1
"1697","hate",1
"1698","hati",1
"1699","hatihati",1
"1700","hatiku",1
"1701","have",1
"1702","having",1
"1703","hawks",1
"1704","hazardous",1
"1705","health",1
"1706","healthier",1
"1707","healthy",1
"1708","heart",1
"1709","heartland",1
"1710","hearts",1
"1711","heat",1
"1712","heaven",1
"1713","heir",1
"1714","helping",1
"1715","here",1
"1716","heresies",1
"1717","heretics",1
"1718","heritage",1
"1719","hermit",1
"1720","hero",1
"1721","hidup",1
"1722","hidupku",1
"1723","highestranking",1
"1724","himpunan",1
"1725","hobbit",1
"1726","holes",1
"1727","holy",1
"1728","homophobic",1
"1729","hop",1
"1730","horse",1
"1731","hotel",1
"1732","hours",1
"1733","house",1
"1734","humans",1
"1735","humble",1
"1736","hungry",1
"1737","iOS",1
"1738","ibu",1
"1739","ice",1
"1740","iceberg",1
"1741","icons",1
"1742","idea",1
"1743","identity",1
"1744","ijazah",1
"1745","ilmu",1
"1746","imagination",1
"1747","immortality",1
"1748","improbable",1
"1749","improve",1
"1750","imun",1
"1751","including",1
"1752","indah",1
"1753","individuals",1
"1754","industries",1
"1755","inequality",1
"1756","infinity",1
"1757","inflammation",1
"1758","infrastructure",1
"1759","ingin",1
"1760","ini",1
"1761","innovators",1
"1762","inspirasi",1
"1763","intensity",1
"1764","internet",1
"1765","interval",1
"1766","interviewing",1
"1767","into",1
"1768","introduction",1
"1769","intuition",1
"1770","invasive",1
"1771","investigative",1
"1772","investors",1
"1773","invisible",1
"1774","island",1
"1775","isnt",1
"1776","isteri",1
"1777","jadi",1
"1778","jandaku",1
"1779","jauhi",1
"1780","jian",1
"1781","jiao",1
"1782","jie",1
"1783","journalism",1
"1784","js",1
"1785","jump",1
"1786","jutawan",1
"1787","karipap",1
"1788","kat",1
"1789","kata",1
"1790","kedokteran",1
"1791","keep",1
"1792","kehidupan",1
"1793","kembara",1
"1794","kencing",1
"1795","keperawatan",1
"1796","kesukaan",1
"1797","keterpaksaan",1
"1798","khasiat",1
"1799","kickback",1
"1800","kilat",1
"1801","kind",1
"1802","kindhearted",1
"1803","kings",1
"1804","kisses",1
"1805","kita",1
"1806","kitten",1
"1807","knew",1
"1808","knitting",1
"1809","knots",1
"1810","knowledge",1
"1811","komunikatif",1
"1812","konsep",1
"1813","kosa",1
"1814","ku",1
"1815","kusut",1
"1816","la",1
"1817","labors",1
"1818","lair",1
"1819","land",1
"1820","laris",1
"1821","last",1
"1822","later",1
"1823","leader",1
"1824","leadership",1
"1825","leads",1
"1826","learn",1
"1827","learned",1
"1828","learning",1
"1829","legacy",1
"1830","legend",1
"1831","legendary",1
"1832","lelaki",1
"1833","less",1
"1834","lessons",1
"1835","letters",1
"1836","liberty",1
"1837","libraries",1
"1838","library",1
"1839","lifecycle",1
"1840","lights",1
"1841","linguistic",1
"1842","listen",1
"1843","literacy",1
"1844","live",1
"1845","liveliest",1
"1846","lizard",1
"1847","lobbyist",1
"1848","longer",1
"1849","longest",1
"1850","loved",1
"1851","lowdown",1
"1852","madding",1
"1853","mahu",1
"1854","mail",1
"1855","main",1
"1856","makan",1
"1857","make",1
"1858","malicious",1
"1859","manifest",1
"1860","manifesto",1
"1861","manmade",1
"1862","manner",1
"1863","marketing",1
"1864","marketplace",1
"1865","marks",1
"1866","marriage",1
"1867","masalah",1
"1868","mascot",1
"1869","master",1
"1870","mastered",1
"1871","mastery",1
"1872","math",1
"1873","mati",1
"1874","meadow",1
"1875","means",1
"1876","measuring",1
"1877","mechanical",1
"1878","medical",1
"1879","meet",1
"1880","melting",1
"1881","member",1
"1882","memories",1
"1883","mencari",1
"1884","mengilhamkan",1
"1885","menu",1
"1886","menulis",1
"1887","menunggu",1
"1888","menurut",1
"1889","merawat",1
"1890","mess",1
"1891","middle",1
"1892","midsummer",1
"1893","might",1
"1894","mighty",1
"1895","min",1
"1896","minda",1
"1897","minds",1
"1898","ming",1
"1899","minum",1
"1900","minute",1
"1901","miracles",1
"1902","misfits",1
"1903","mission",1
"1904","mistakes",1
"1905","misuse",1
"1906","model",1
"1907","moden",1
"1908","mods",1
"1909","molecules",1
"1910","mollusk",1
"1911","monster",1
"1912","moon",1
"1913","moonlight",1
"1914","moral",1
"1915","motets",1
"1916","motion",1
"1917","motor",1
"1918","mountain",1
"1919","move",1
"1920","movie",1
"1921","muallaf",1
"1922","muckrakers",1
"1923","multiple",1
"1924","mummy",1
"1925","music",1
"1926","myselfie",1
"1927","mystery",1
"1928","myths",1
"1929","nahwu",1
"1930","narrow",1
"1931","nation",1
"1932","national",1
"1933","natures",1
"1934","navigator",1
"1935","need",1
"1936","needs",1
"1937","neglected",1
"1938","networked",1
"1939","never",1
"1940","nights",1
"1941","nineteenth",1
"1942","nos",1
"1943","notebooks",1
"1944","novice",1
"1945","nuria",1
"1946","nurses",1
"1947","nursing",1
"1948","occupational",1
"1949","oddest",1
"1950","odds",1
"1951","offensive",1
"1952","offering",1
"1953","officer",1
"1954","old",1
"1955","older",1
"1956","opinion",1
"1957","optimum",1
"1958","orang",1
"1959","orchestra",1
"1960","order",1
"1961","organ",1
"1962","organic",1
"1963","orginal",1
"1964","ought",1
"1965","outbreak",1
"1966","over",1
"1967","pack",1
"1968","packages",1
"1969","pahala",1
"1970","painting",1
"1971","paintings",1
"1972","pandemic",1
"1973","panduan",1
"1974","parent",1
"1975","parents",1
"1976","participatory",1
"1977","parts",1
"1978","party",1
"1979","past",1
"1980","paste",1
"1981","pathological",1
"1982","pay",1
"1983","paychecks",1
"1984","pelajar",1
"1985","pemuisi",1
"1986","pengajaran",1
"1987","penguasaan",1
"1988","penguin",1
"1989","penjagaan",1
"1990","peoples",1
"1991","performance",1
"1992","performing",1
"1993","peribahasa",1
"1994","peril",1
"1995","perilof",1
"1996","perniagaan",1
"1997","persons",1
"1998","perspektif",1
"1999","phantoms",1
"2000","photographer",1
"2001","phrases",1
"2002","pigs",1
"2003","pinggang",1
"2004","pinggiran",1
"2005","pintar",1
"2006","pintu",1
"2007","pirates",1
"2008","pit",1
"2009","plant",1
"2010","plate",1
"2011","play",1
"2012","plot",1
"2013","poligami",1
"2014","politics",1
"2015","popular",1
"2016","postwar",1
"2017","practitioners",1
"2018","prairie",1
"2019","praktis",1
"2020","prayer",1
"2021","predictive",1
"2022","prelude",1
"2023","presiden",1
"2024","pretty",1
"2025","price",1
"2026","primer",1
"2027","principles",1
"2028","privacy",1
"2029","problems",1
"2030","processing",1
"2031","profile",1
"2032","project",1
"2033","promiseand",1
"2034","protect",1
"2035","proven",1
"2036","proverbs",1
"2037","provincial",1
"2038","public",1
"2039","puke",1
"2040","pulleys",1
"2041","pun",1
"2042","punching",1
"2043","pundi",1
"2044","putih",1
"2045","puts",1
"2046","putting",1
"2047","qiang",1
"2048","qualified",1
"2049","queen",1
"2050","query",1
"2051","querying",1
"2052","quickly",1
"2053","quirky",1
"2054","racial",1
"2055","racing",1
"2056","radical",1
"2057","raider",1
"2058","rainbow",1
"2059","raised",1
"2060","raising",1
"2061","raja",1
"2062","rake",1
"2063","ramps",1
"2064","ranch",1
"2065","rare",1
"2066","ratio",1
"2067","re",1
"2068","reason",1
"2069","rebound",1
"2070","recession",1
"2071","recordbreaking",1
"2072","records",1
"2073","recycling",1
"2074","red",1
"2075","reign",1
"2076","relief",1
"2077","remains",1
"2078","remaking",1
"2079","remuk",1
"2080","renewal",1
"2081","republic",1
"2082","rescue",1
"2083","resilience",1
"2084","resort",1
"2085","rest",1
"2086","restless",1
"2087","retail",1
"2088","revisited",1
"2089","revolutionise",1
"2090","rex",1
"2091","riba",1
"2092","rice",1
"2093","ride",1
"2094","rindu",1
"2095","rinduku",1
"2096","ring",1
"2097","rise",1
"2098","river",1
"2099","rock",1
"2100","rogue",1
"2101","romp",1
"2102","root",1
"2103","roots",1
"2104","ropes",1
"2105","routes",1
"2106","royal",1
"2107","ruin",1
"2108","rules",1
"2109","rumah",1
"2110","ruthless",1
"2111","sahabat",1
"2112","said",1
"2113","saka",1
"2114","salad",1
"2115","sale",1
"2116","salvation",1
"2117","sampai",1
"2118","sastra",1
"2119","say",1
"2120","saya",1
"2121","scarcity",1
"2122","scientist",1
"2123","sclerosis",1
"2124","score",1
"2125","scoundrel",1
"2126","screws",1
"2127","seams",1
"2128","search",1
"2129","searching",1
"2130","season",1
"2131","secepat",1
"2132","seed",1
"2133","segala",1
"2134","sekolah",1
"2135","selected",1
"2136","selection",1
"2137","selepas",1
"2138","selling",1
"2139","semicomprehensive",1
"2140","sentence",1
"2141","seribu",1
"2142","series",1
"2143","serums",1
"2144","served",1
"2145","sesat",1
"2146","sesungguhnya",1
"2147","seventh",1
"2148","sewing",1
"2149","shadow",1
"2150","shadows",1
"2151","shampoos",1
"2152","shape",1
"2153","shaped",1
"2154","sharaf",1
"2155","share",1
"2156","sharp",1
"2157","shift",1
"2158","shoestring",1
"2159","should",1
"2160","shrews",1
"2161","si",1
"2162","sides",1
"2163","siege",1
"2164","significant",1
"2165","silver",1
"2166","sinfonie",1
"2167","sinful",1
"2168","single",1
"2169","sixteen",1
"2170","sketchers",1
"2171","sketches",1
"2172","skip",1
"2173","skyscraper",1
"2174","slang",1
"2175","sleepovers",1
"2176","sloths",1
"2177","slug",1
"2178","small",1
"2179","smallest",1
"2180","smart",1
"2181","snake",1
"2182","snouttotail",1
"2183","socialism",1
"2184","soldiers",1
"2185","soloists",1
"2186","solution",1
"2187","solving",1
"2188","sonate",1
"2189","song",1
"2190","sore",1
"2191","sorof",1
"2192","sorry",1
"2193","sound",1
"2194","spades",1
"2195","spas",1
"2196","speak",1
"2197","speaking",1
"2198","special",1
"2199","species",1
"2200","spending",1
"2201","sphere",1
"2202","spicy",1
"2203","spider",1
"2204","spirits",1
"2205","spot",1
"2206","springs",1
"2207","spy",1
"2208","spys",1
"2209","stack",1
"2210","star",1
"2211","stars",1
"2212","started",1
"2213","station",1
"2214","staying",1
"2215","steady",1
"2216","stegosaurus",1
"2217","step",1
"2218","stock",1
"2219","storage",1
"2220","store",1
"2221","storms",1
"2222","strategies",1
"2223","strategy",1
"2224","street",1
"2225","stress",1
"2226","strong",1
"2227","stuff",1
"2228","stunt",1
"2229","style",1
"2230","substandard",1
"2231","succeeding",1
"2232","successful",1
"2233","sun",1
"2234","sunshine",1
"2235","super",1
"2236","superhero",1
"2237","superior",1
"2238","superstars",1
"2239","surprising",1
"2240","survival",1
"2241","suspense",1
"2242","sweetheart",1
"2243","swift",1
"2244","symphonies",1
"2245","syndrome",1
"2246","systems",1
"2247","syurga",1
"2248","syurgaku",1
"2249","tackling",1
"2250","take",1
"2251","taken",1
"2252","taking",1
"2253","takkan",1
"2254","tales",1
"2255","talk",1
"2256","talking",1
"2257","tapi",1
"2258","taste",1
"2259","tastemakers",1
"2260","taster",1
"2261","taubat",1
"2262","tawaf",1
"2263","teach",1
"2264","teachers",1
"2265","teaching",1
"2266","team",1
"2267","technique",1
"2268","teladan",1
"2269","television",1
"2270","tells",1
"2271","tenderness",1
"2272","tentera",1
"2273","teras",1
"2274","terlajak",1
"2275","terlengkap",1
"2276","terms",1
"2277","test",1
"2278","thank",1
"2279","them",1
"2280","therapists",1
"2281","they",1
"2282","theyre",1
"2283","thieves",1
"2284","think",1
"2285","thinking",1
"2286","third",1
"2287","this",1
"2288","thunder",1
"2289","tick",1
"2290","tiger",1
"2291","timeand",1
"2292","timid",1
"2293","tiny",1
"2294","tiptip",1
"2295","today",1
"2296","toes",1
"2297","together",1
"2298","torch",1
"2299","total",1
"2300","toughest",1
"2301","tour",1
"2302","town",1
"2303","tragedy",1
"2304","trained",1
"2305","training",1
"2306","transform",1
"2307","transforms",1
"2308","transportation",1
"2309","travel",1
"2310","treasure",1
"2311","tree",1
"2312","trends",1
"2313","triceratops",1
"2314","tricks",1
"2315","triples",1
"2316","truck",1
"2317","trucks",1
"2318","tryouts",1
"2319","turncoat",1
"2320","tutorial",1
"2321","twentieth",1
"2322","twitter",1
"2323","tyrannosaurus",1
"2324","ugly",1
"2325","umat",1
"2326","unbound",1
"2327","uncover",1
"2328","uncovering",1
"2329","under",1
"2330","undercover",1
"2331","underground",1
"2332","unhinged",1
"2333","unique",1
"2334","unleashing",1
"2335","unlikely",1
"2336","unnatural",1
"2337","unpacked",1
"2338","untukMu",1
"2339","untukku",1
"2340","upon",1
"2341","upside",1
"2342","users",1
"2343","valley",1
"2344","values",1
"2345","vampire",1
"2346","vanishing",1
"2347","vanities",1
"2348","version",1
"2349","versus",1
"2350","very",1
"2351","video",1
"2352","view",1
"2353","visual",1
"2354","vitality",1
"2355","vol",1
"2356","volume",1
"2357","voyages",1
"2358","vultures",1
"2359","wackiest",1
"2360","wafers",1
"2361","walks",1
"2362","wandering",1
"2363","want",1
"2364","warehousing",1
"2365","warning",1
"2366","wars",1
"2367","wartime",1
"2368","was",1
"2369","water",1
"2370","waters",1
"2371","wealth",1
"2372","wear",1
"2373","wedges",1
"2374","wei",1
"2375","weird",1
"2376","weirdest",1
"2377","wellbeing",1
"2378","wellness",1
"2379","were",1
"2380","whales",1
"2381","wheels",1
"2382","when",1
"2383","where",1
"2384","whos",1
"2385","wife",1
"2386","wins",1
"2387","wireless",1
"2388","wisdom",1
"2389","women",1
"2390","wonder",1
"2391","wood",1
"2392","words",1
"2393","workout",1
"2394","workouts",1
"2395","workplace",1
"2396","works",1
"2397","worldwide",1
"2398","worriers",1
"2399","wrestling",1
"2400","writing",1
"2401","younger",1
"2402","yourself",1
"2403","yummy",1
"2404","zaniest",1
"2405","zhuang",1
"2406","zillions",1
"2407","zoo",1
